[{"id":"user-image-IMG_20211219_231500_935.jpg","publicUrl":"np://user.desktop.nicepage.com/Site_355400288/images/IMG_20211219_231500_935.jpg","size":289172,"fileName":"IMG_20211219_231500_935.jpg","name":"IMG_20211219_231500_935","width":1006,"height":720,"thumbnail":{"url":"np://user.desktop.nicepage.com/Site_355400288/images/thumbnails/IMG_20211219_231500_935.jpg","width":250,"height":179}},{"id":"user-image-11.png","publicUrl":"np://user.desktop.nicepage.com/Site_355400288/images/11.png","size":2033463,"fileName":"11.png","name":"11","width":1600,"height":933,"thumbnail":{"url":"np://user.desktop.nicepage.com/Site_355400288/images/thumbnails/11.png","width":250,"height":146}},{"id":"user-image-1828859.png","publicUrl":"np://user.desktop.nicepage.com/Site_355400288/images/1828859.png","size":726,"fileName":"1828859.png","name":"1828859","width":128,"height":128,"thumbnail":{"url":"np://user.desktop.nicepage.com/Site_355400288/images/thumbnails/1828859.png","width":128,"height":128,"length":726,"type":"png"}},{"id":"user-image-2021-10-2916_16_49.8390300.jpg","publicUrl":"np://user.desktop.nicepage.com/Site_355400288/images/2021-10-2916_16_49.8390300.jpg","size":292971,"fileName":"2021-10-2916_16_49.8390300.jpg","name":"2021-10-2916_16_49.8390300","width":1520,"height":1076,"thumbnail":{"url":"np://user.desktop.nicepage.com/Site_355400288/images/thumbnails/2021-10-2916_16_49.8390300.jpg","width":250,"height":177}},{"id":"user-image-2021-12-2316.37.15.jpg","publicUrl":"np://user.desktop.nicepage.com/Site_355400288/images/2021-12-2316.37.15.jpg","size":150314,"fileName":"2021-12-2316.37.15.jpg","name":"2021-12-2316.37.15","width":911,"height":1280,"thumbnail":{"url":"np://user.desktop.nicepage.com/Site_355400288/images/thumbnails/2021-12-2316.37.15.jpg","width":178,"height":250}},{"id":"user-image-20210915_1545081.jpg","publicUrl":"np://user.desktop.nicepage.com/Site_355400288/images/20210915_1545081.jpg","size":987385,"fileName":"20210915_1545081.jpg","name":"20210915_1545081","width":1600,"height":1118,"thumbnail":{"url":"np://user.desktop.nicepage.com/Site_355400288/images/thumbnails/20210915_1545081.jpg","width":250,"height":175}},{"id":"user-image-20211027_1214361.jpg","publicUrl":"np://user.desktop.nicepage.com/Site_355400288/images/20211027_1214361.jpg","size":326579,"fileName":"20211027_1214361.jpg","name":"20211027_1214361","width":1644,"height":1026,"thumbnail":{"url":"np://user.desktop.nicepage.com/Site_355400288/images/thumbnails/20211027_1214361.jpg","width":250,"height":156}},{"id":"user-image-6403b908-bfd1-7e65-645c-197df47bfdc2.jpg","publicUrl":"np://user.desktop.nicepage.com/Site_355400288/images/6403b908-bfd1-7e65-645c-197df47bfdc2.jpg","size":1731847,"fileName":"6403b908-bfd1-7e65-645c-197df47bfdc2.jpg","name":"6403b908-bfd1-7e65-645c-197df47bfdc2","width":1600,"height":1131,"thumbnail":{"url":"np://user.desktop.nicepage.com/Site_355400288/images/thumbnails/6403b908-bfd1-7e65-645c-197df47bfdc2.jpg","width":250,"height":177}},{"id":"user-image-HIDEAWAYwhite.svg","publicUrl":"np://user.desktop.nicepage.com/Site_355400288/images/HIDEAWAYwhite.svg","size":1625,"fileName":"HIDEAWAYwhite.svg","name":"HIDEAWAYwhite","width":160,"height":17,"thumbnail":{"url":"np://user.desktop.nicepage.com/Site_355400288/images/HIDEAWAYwhite.svg","width":160,"height":17,"length":1625}},{"id":"user-image-IMG-2d77e173041cc03740c63ab91191eb9a-V.jpg","publicUrl":"np://user.desktop.nicepage.com/Site_355400288/images/IMG-2d77e173041cc03740c63ab91191eb9a-V.jpg","size":145039,"fileName":"IMG-2d77e173041cc03740c63ab91191eb9a-V.jpg","name":"IMG-2d77e173041cc03740c63ab91191eb9a-V","width":1280,"height":914,"thumbnail":{"url":"np://user.desktop.nicepage.com/Site_355400288/images/thumbnails/IMG-2d77e173041cc03740c63ab91191eb9a-V.jpg","width":250,"height":179}},{"id":"user-image-IMG-6875f3f5a4a896d1e336a20636843952-V.jpg","publicUrl":"np://user.desktop.nicepage.com/Site_355400288/images/IMG-6875f3f5a4a896d1e336a20636843952-V.jpg","size":236428,"fileName":"IMG-6875f3f5a4a896d1e336a20636843952-V.jpg","name":"IMG-6875f3f5a4a896d1e336a20636843952-V","width":1600,"height":1132,"thumbnail":{"url":"np://user.desktop.nicepage.com/Site_355400288/images/thumbnails/IMG-6875f3f5a4a896d1e336a20636843952-V.jpg","width":250,"height":177}},{"id":"user-image-IMG-8d63229bb80a2251fdc4f6bb610e6ff9-V.jpg","publicUrl":"np://user.desktop.nicepage.com/Site_355400288/images/IMG-8d63229bb80a2251fdc4f6bb610e6ff9-V.jpg","size":178309,"fileName":"IMG-8d63229bb80a2251fdc4f6bb610e6ff9-V.jpg","name":"IMG-8d63229bb80a2251fdc4f6bb610e6ff9-V","width":1130,"height":1599,"thumbnail":{"url":"np://user.desktop.nicepage.com/Site_355400288/images/thumbnails/IMG-8d63229bb80a2251fdc4f6bb610e6ff9-V.jpg","width":177,"height":250}},{"id":"user-image-IMG-c433abce239d77c7e32654578fb6c07d-V.jpg","publicUrl":"np://user.desktop.nicepage.com/Site_355400288/images/IMG-c433abce239d77c7e32654578fb6c07d-V.jpg","size":238456,"fileName":"IMG-c433abce239d77c7e32654578fb6c07d-V.jpg","name":"IMG-c433abce239d77c7e32654578fb6c07d-V","width":1600,"height":1145,"thumbnail":{"url":"np://user.desktop.nicepage.com/Site_355400288/images/thumbnails/IMG-c433abce239d77c7e32654578fb6c07d-V.jpg","width":250,"height":179}},{"id":"user-image-Rectangle182.png","publicUrl":"np://user.desktop.nicepage.com/Site_355400288/images/Rectangle182.png","size":150545,"fileName":"Rectangle182.png","name":"Rectangle182","width":1920,"height":267,"thumbnail":{"url":"np://user.desktop.nicepage.com/Site_355400288/images/thumbnails/Rectangle182.png","width":250,"height":35}},{"id":"user-image-TetianaFoksPolonikova.jpg","publicUrl":"np://user.desktop.nicepage.com/Site_355400288/images/TetianaFoksPolonikova.jpg","size":1661703,"fileName":"TetianaFoksPolonikova.jpg","name":"TetianaFoksPolonikova","width":1600,"height":1131,"thumbnail":{"url":"np://user.desktop.nicepage.com/Site_355400288/images/thumbnails/TetianaFoksPolonikova.jpg","width":250,"height":177}},{"id":"user-image-VI____2_4_10_15.jpg","publicUrl":"np://user.desktop.nicepage.com/Site_355400288/images/VI____2_4_10_15.jpg","size":311150,"fileName":"VI____2_4_10_15.jpg","name":"VI____2_4_10_15","width":1600,"height":1087,"thumbnail":{"url":"np://user.desktop.nicepage.com/Site_355400288/images/thumbnails/VI____2_4_10_15.jpg","width":250,"height":170}},{"id":"user-image-VolchanovaOlena.jpg","publicUrl":"np://user.desktop.nicepage.com/Site_355400288/images/VolchanovaOlena.jpg","size":206244,"fileName":"VolchanovaOlena.jpg","name":"VolchanovaOlena","width":1600,"height":1131,"thumbnail":{"url":"np://user.desktop.nicepage.com/Site_355400288/images/thumbnails/VolchanovaOlena.jpg","width":250,"height":177}},{"id":"user-image-____15_10_15.jpg","publicUrl":"np://user.desktop.nicepage.com/Site_355400288/images/____15_10_15.jpg","size":325330,"fileName":"____15_10_15.jpg","name":"____15_10_15","width":1077,"height":1600,"thumbnail":{"url":"np://user.desktop.nicepage.com/Site_355400288/images/thumbnails/____15_10_15.jpg","width":168,"height":250}},{"id":"user-image-anchakovphoto.png","publicUrl":"np://user.desktop.nicepage.com/Site_355400288/images/anchakovphoto.png","size":383821,"fileName":"anchakovphoto.png","name":"anchakovphoto","width":658,"height":658,"thumbnail":{"url":"np://user.desktop.nicepage.com/Site_355400288/images/thumbnails/anchakovphoto.png","width":250,"height":250}},{"id":"user-image-favicon.png","publicUrl":"np://user.desktop.nicepage.com/Site_355400288/images/favicon.png","size":8612,"fileName":"favicon.png","name":"favicon","width":74,"height":74,"thumbnail":{"url":"np://user.desktop.nicepage.com/Site_355400288/images/thumbnails/favicon.png","width":74,"height":74,"length":8612}},{"id":"user-image-fox1.png","publicUrl":"np://user.desktop.nicepage.com/Site_355400288/images/fox1.png","size":467794,"fileName":"fox1.png","name":"fox1","width":791,"height":529,"thumbnail":{"url":"np://user.desktop.nicepage.com/Site_355400288/images/thumbnails/fox1.png","width":250,"height":167}},{"id":"user-image-fox2.png","publicUrl":"np://user.desktop.nicepage.com/Site_355400288/images/fox2.png","size":410566,"fileName":"fox2.png","name":"fox2","width":784,"height":541,"thumbnail":{"url":"np://user.desktop.nicepage.com/Site_355400288/images/thumbnails/fox2.png","width":250,"height":173}},{"id":"user-image-foxphoto.png","publicUrl":"np://user.desktop.nicepage.com/Site_355400288/images/foxphoto.png","size":101289,"fileName":"foxphoto.png","name":"foxphoto","width":265,"height":265,"thumbnail":{"url":"np://user.desktop.nicepage.com/Site_355400288/images/thumbnails/foxphoto.png","width":250,"height":250}},{"id":"user-image-golovatuk2.svg","publicUrl":"np://user.desktop.nicepage.com/Site_355400288/images/golovatuk2.svg","size":208198,"fileName":"golovatuk2.svg","name":"golovatuk2","width":150,"height":150,"thumbnail":{"url":"np://user.desktop.nicepage.com/Site_355400288/images/golovatuk2.svg","width":150,"height":150,"length":208198}},{"id":"user-image-golovatukphoto1.png","publicUrl":"np://user.desktop.nicepage.com/Site_355400288/images/golovatukphoto1.png","size":432292,"fileName":"golovatukphoto1.png","name":"golovatukphoto1","width":760,"height":760,"thumbnail":{"url":"np://user.desktop.nicepage.com/Site_355400288/images/thumbnails/golovatukphoto1.png","width":250,"height":250}},{"id":"user-image-heroimage1.png","publicUrl":"np://user.desktop.nicepage.com/Site_355400288/images/heroimage1.png","size":930264,"fileName":"heroimage1.png","name":"heroimage1","width":1600,"height":653,"thumbnail":{"url":"np://user.desktop.nicepage.com/Site_355400288/images/thumbnails/heroimage1.png","width":250,"height":102}},{"id":"user-image-image_2021-05-31_14-23-22.png","publicUrl":"np://user.desktop.nicepage.com/Site_355400288/images/image_2021-05-31_14-23-22.png","size":926262,"fileName":"image_2021-05-31_14-23-22.png","name":"image_2021-05-31_14-23-22","width":1600,"height":1131,"thumbnail":{"url":"np://user.desktop.nicepage.com/Site_355400288/images/thumbnails/image_2021-05-31_14-23-22.png","width":250,"height":177}},{"id":"user-image-image_2021-05-31_14-27-34.png","publicUrl":"np://user.desktop.nicepage.com/Site_355400288/images/image_2021-05-31_14-27-34.png","size":701766,"fileName":"image_2021-05-31_14-27-34.png","name":"image_2021-05-31_14-27-34","width":1683,"height":1190,"thumbnail":{"url":"np://user.desktop.nicepage.com/Site_355400288/images/thumbnails/image_2021-05-31_14-27-34.png","width":250,"height":177}},{"id":"user-image-lesnyakphoto1.png","publicUrl":"np://user.desktop.nicepage.com/Site_355400288/images/lesnyakphoto1.png","size":389611,"fileName":"lesnyakphoto1.png","name":"lesnyakphoto1","width":555,"height":555,"thumbnail":{"url":"np://user.desktop.nicepage.com/Site_355400288/images/thumbnails/lesnyakphoto1.png","width":250,"height":250}},{"id":"user-image-lisnyk1.svg","publicUrl":"np://user.desktop.nicepage.com/Site_355400288/images/lisnyk1.svg","size":246450,"fileName":"lisnyk1.svg","name":"lisnyk1","width":150,"height":150,"thumbnail":{"url":"np://user.desktop.nicepage.com/Site_355400288/images/lisnyk1.svg","width":150,"height":150,"length":246450}},{"id":"user-image-logo.png","publicUrl":"np://user.desktop.nicepage.com/Site_355400288/images/logo.png","size":942615,"fileName":"logo.png","name":"logo","width":1080,"height":1080,"thumbnail":{"url":"np://user.desktop.nicepage.com/Site_355400288/images/thumbnails/logo.png","width":250,"height":250}},{"id":"user-image-poster.jpg","publicUrl":"np://user.desktop.nicepage.com/Site_355400288/images/poster.jpg","size":733651,"fileName":"poster.jpg","name":"poster","width":1920,"height":1083,"thumbnail":{"url":"np://user.desktop.nicepage.com/Site_355400288/images/thumbnails/poster.jpg","width":250,"height":141}},{"id":"user-image-poster.png","publicUrl":"np://user.desktop.nicepage.com/Site_355400288/images/poster.png","size":330657,"fileName":"poster.png","name":"poster","width":1920,"height":1080,"thumbnail":{"url":"np://user.desktop.nicepage.com/Site_355400288/images/thumbnails/poster.png","width":250,"height":141}},{"id":"user-image-poster1.jpg","publicUrl":"np://user.desktop.nicepage.com/Site_355400288/images/poster1.jpg","size":720121,"fileName":"poster1.jpg","name":"poster1","width":1920,"height":1080,"thumbnail":{"url":"np://user.desktop.nicepage.com/Site_355400288/images/thumbnails/poster1.jpg","width":250,"height":141}},{"id":"user-image-poster1.png","publicUrl":"np://user.desktop.nicepage.com/Site_355400288/images/poster1.png","size":1417718,"fileName":"poster1.png","name":"poster1","width":1920,"height":1080,"thumbnail":{"url":"np://user.desktop.nicepage.com/Site_355400288/images/thumbnails/poster1.png","width":250,"height":141}},{"id":"user-image-poster2.jpg","publicUrl":"np://user.desktop.nicepage.com/Site_355400288/images/poster2.jpg","size":960260,"fileName":"poster2.jpg","name":"poster2","width":1920,"height":1080,"thumbnail":{"url":"np://user.desktop.nicepage.com/Site_355400288/images/thumbnails/poster2.jpg","width":250,"height":141}},{"id":"user-image-poster2.png","publicUrl":"np://user.desktop.nicepage.com/Site_355400288/images/poster2.png","size":1256503,"fileName":"poster2.png","name":"poster2","width":1920,"height":1080,"thumbnail":{"url":"np://user.desktop.nicepage.com/Site_355400288/images/thumbnails/poster2.png","width":250,"height":141}},{"id":"user-image-poster3.jpg","publicUrl":"np://user.desktop.nicepage.com/Site_355400288/images/poster3.jpg","size":736216,"fileName":"poster3.jpg","name":"poster3","width":1920,"height":1080,"thumbnail":{"url":"np://user.desktop.nicepage.com/Site_355400288/images/thumbnails/poster3.jpg","width":250,"height":141}},{"id":"user-image-poster4.jpg","publicUrl":"np://user.desktop.nicepage.com/Site_355400288/images/poster4.jpg","size":680134,"fileName":"poster4.jpg","name":"poster4","width":1920,"height":1080,"thumbnail":{"url":"np://user.desktop.nicepage.com/Site_355400288/images/thumbnails/poster4.jpg","width":250,"height":141}},{"id":"user-image-savelievphoto.png","publicUrl":"np://user.desktop.nicepage.com/Site_355400288/images/savelievphoto.png","size":456931,"fileName":"savelievphoto.png","name":"savelievphoto","width":690,"height":690,"thumbnail":{"url":"np://user.desktop.nicepage.com/Site_355400288/images/thumbnails/savelievphoto.png","width":250,"height":250}},{"id":"user-image-volchanovaphoto.png","publicUrl":"np://user.desktop.nicepage.com/Site_355400288/images/volchanovaphoto.png","size":224672,"fileName":"volchanovaphoto.png","name":"volchanovaphoto","width":435,"height":434,"thumbnail":{"url":"np://user.desktop.nicepage.com/Site_355400288/images/thumbnails/volchanovaphoto.png","width":250,"height":249}},{"id":"user-image-111124216-0.jpeg","publicUrl":"np://user.desktop.nicepage.com/Site_355400288/images/111124216-0.jpeg","size":329333,"fileName":"111124216-0.jpeg","name":"111124216-0","width":1500,"height":1000,"thumbnail":{"url":"np://user.desktop.nicepage.com/Site_355400288/images/thumbnails/111124216-0.jpeg","width":250,"height":167}},{"id":"user-image-1098.png","publicUrl":"np://user.desktop.nicepage.com/Site_355400288/images/1098.png","size":346,"fileName":"1098.png","name":"1098","width":128,"height":128,"thumbnail":{"url":"np://user.desktop.nicepage.com/Site_355400288/images/thumbnails/1098.png","width":128,"height":128,"length":346,"type":"png"}},{"id":"user-image-3416094.png","publicUrl":"np://user.desktop.nicepage.com/Site_355400288/images/3416094.png","size":2187,"fileName":"3416094.png","name":"3416094","width":128,"height":128,"thumbnail":{"url":"np://user.desktop.nicepage.com/Site_355400288/images/thumbnails/3416094.png","width":128,"height":128,"length":2187,"type":"png"}},{"id":"user-image-7142126-01.jpeg","publicUrl":"np://user.desktop.nicepage.com/Site_355400288/images/7142126-01.jpeg","size":690241,"fileName":"7142126-01.jpeg","name":"7142126-01","width":1500,"height":1000,"thumbnail":{"url":"np://user.desktop.nicepage.com/Site_355400288/images/thumbnails/7142126-01.jpeg","width":250,"height":167}},{"id":"user-image-7142126-03.jpeg","publicUrl":"np://user.desktop.nicepage.com/Site_355400288/images/7142126-03.jpeg","size":316682,"fileName":"7142126-03.jpeg","name":"7142126-03","width":1452,"height":1000,"thumbnail":{"url":"np://user.desktop.nicepage.com/Site_355400288/images/thumbnails/7142126-03.jpeg","width":250,"height":172}},{"id":"user-image-4902512.png","publicUrl":"np://user.desktop.nicepage.com/Site_355400288/images/4902512.png","size":2985,"fileName":"4902512.png","name":"4902512","width":128,"height":128,"thumbnail":{"url":"np://user.desktop.nicepage.com/Site_355400288/images/thumbnails/4902512.png","width":128,"height":128,"length":2985,"type":"png"}},{"id":"user-image-cvvcv-min.jpg","publicUrl":"np://user.desktop.nicepage.com/Site_355400288/images/cvvcv-min.jpg","size":78264,"fileName":"cvvcv-min.jpg","name":"cvvcv-min","width":1620,"height":1080,"thumbnail":{"url":"np://user.desktop.nicepage.com/Site_355400288/images/thumbnails/cvvcv-min.jpg","width":250,"height":167},"originalUrl":"//images01.nicepagecdn.com/c461c07a441a5d220e8feb1a/ffe5ab9d13ef52cca44a3aa7/cvvcv-min.jpg"},{"id":"user-image-8007004.png","publicUrl":"np://user.desktop.nicepage.com/Site_355400288/images/8007004.png","size":2087,"fileName":"8007004.png","name":"8007004","width":128,"height":128,"thumbnail":{"url":"np://user.desktop.nicepage.com/Site_355400288/images/thumbnails/8007004.png","width":128,"height":128,"length":2087,"type":"png"}},{"id":"user-image-66834.png","publicUrl":"np://user.desktop.nicepage.com/Site_355400288/images/66834.png","size":2125,"fileName":"66834.png","name":"66834","width":128,"height":128,"thumbnail":{"url":"np://user.desktop.nicepage.com/Site_355400288/images/thumbnails/66834.png","width":128,"height":128,"length":2125,"type":"png"}},{"id":"user-image-1940611.png","publicUrl":"np://user.desktop.nicepage.com/Site_355400288/images/1940611.png","size":1863,"fileName":"1940611.png","name":"1940611","width":128,"height":128,"thumbnail":{"url":"np://user.desktop.nicepage.com/Site_355400288/images/thumbnails/1940611.png","width":128,"height":128,"length":1863,"type":"png"}},{"id":"user-image-763326.png","publicUrl":"np://user.desktop.nicepage.com/Site_355400288/images/763326.png","size":1590,"fileName":"763326.png","name":"763326","width":128,"height":128,"thumbnail":{"url":"np://user.desktop.nicepage.com/Site_355400288/images/thumbnails/763326.png","width":128,"height":128,"length":1590,"type":"png"}},{"id":"user-image-Frame4.png","publicUrl":"np://user.desktop.nicepage.com/Site_355400288/images/Frame4.png","size":173225,"fileName":"Frame4.png","name":"Frame4","width":620,"height":620,"thumbnail":{"url":"np://user.desktop.nicepage.com/Site_355400288/images/thumbnails/Frame4.png","width":250,"height":250}},{"id":"user-image-1164651.png","publicUrl":"np://user.desktop.nicepage.com/Site_355400288/images/1164651.png","size":2904,"fileName":"1164651.png","name":"1164651","width":128,"height":128,"thumbnail":{"url":"np://user.desktop.nicepage.com/Site_355400288/images/thumbnails/1164651.png","width":128,"height":128,"length":2904,"type":"png"}},{"id":"user-image-681494.png","publicUrl":"np://user.desktop.nicepage.com/Site_355400288/images/681494.png","size":2785,"fileName":"681494.png","name":"681494","width":128,"height":128,"thumbnail":{"url":"np://user.desktop.nicepage.com/Site_355400288/images/thumbnails/681494.png","width":128,"height":128,"length":2785,"type":"png"}},{"id":"user-image-1.png","publicUrl":"np://user.desktop.nicepage.com/Site_355400288/images/1.png","size":113440,"fileName":"1.png","name":"1","width":312,"height":315,"thumbnail":{"url":"np://user.desktop.nicepage.com/Site_355400288/images/thumbnails/1.png","width":248,"height":250}},{"id":"user-image-wall.jpg","publicUrl":"np://user.desktop.nicepage.com/Site_355400288/images/wall.jpg","size":2238453,"fileName":"wall.jpg","name":"wall","width":6720,"height":4480,"thumbnail":{"url":"np://user.desktop.nicepage.com/Site_355400288/images/thumbnails/wall.jpg","width":250,"height":167}},{"id":"user-image-img20210916_20113804.jpg","publicUrl":"np://user.desktop.nicepage.com/Site_355400288/images/img20210916_20113804.jpg","size":367414,"fileName":"img20210916_20113804.jpg","name":"img20210916_20113804","width":1600,"height":1082,"thumbnail":{"url":"np://user.desktop.nicepage.com/Site_355400288/images/thumbnails/img20210916_20113804.jpg","width":250,"height":169}},{"id":"user-image-img20210916_20161216.jpg","publicUrl":"np://user.desktop.nicepage.com/Site_355400288/images/img20210916_20161216.jpg","size":569754,"fileName":"img20210916_20161216.jpg","name":"img20210916_20161216","width":1122,"height":1600,"thumbnail":{"url":"np://user.desktop.nicepage.com/Site_355400288/images/thumbnails/img20210916_20161216.jpg","width":175,"height":250}},{"id":"user-image-Frame5.jpg","publicUrl":"np://user.desktop.nicepage.com/Site_355400288/images/Frame5.jpg","size":4751609,"fileName":"Frame5.jpg","name":"Frame5","width":4027,"height":2265,"thumbnail":{"url":"np://user.desktop.nicepage.com/Site_355400288/images/thumbnails/Frame5.jpg","width":250,"height":141}},{"id":"user-image-6185fc1c-8318-2bc4-dc80-5db681df8322.png","publicUrl":"np://user.desktop.nicepage.com/Site_355400288/images/6185fc1c-8318-2bc4-dc80-5db681df8322.png","size":1135690,"fileName":"6185fc1c-8318-2bc4-dc80-5db681df8322.png","name":"6185fc1c-8318-2bc4-dc80-5db681df8322","width":3508,"height":2481,"thumbnail":{"url":"np://user.desktop.nicepage.com/Site_355400288/images/thumbnails/6185fc1c-8318-2bc4-dc80-5db681df8322.png","width":250,"height":177}}]